trip_id,origin,destination,distance_km,mode,condition,is_peak_hour,is_raining,travel_time_min,co2_emissions_g,cost_inr,aqi_at_destination,comfort_score,availability_score,is_recommended
1,Andheri,Churchgate,30.0,Car_Petrol,Free,0,0,,3772.6,205.9,124.2,4,5,0
2,Andheri,Churchgate,30.0,Car_EV,Free,0,0,49.7,3716.4,38.1,107.6,5,4,0
3,Andheri,Churchgate,30.0,Bus_BEST,Free,0,0,86.7,496.1,23.3,128.6,2,4,0
4,Andheri,Churchgate,30.0,Local_Train,Free,0,0,38.5,131.5,16.8,150.1,2,5,1
5,Andheri,Churchgate,30.0,Auto,Free,0,0,68.8,2387.0,106.1,111.2,2,5,0
6,Andheri,Churchgate,30.0,Cab_Petrol,Free,0,0,38.9,4337.5,295.8,130.9,5,5,0
7,Andheri,Churchgate,30.0,Car_Petrol,Peak,1,0,70.6,4749.1,195.2,158.8,5,5,0
8,Andheri,Churchgate,30.0,Car_EV,Peak,1,0,,4514.5,35.6,121.0,5,4,0
9,Andheri,Churchgate,30.0,Bus_BEST,Peak,1,0,105.2,567.5,18.6,130.3,1,4,0
10,Andheri,Churchgate,30.0,Local_Train,Peak,1,0,57.5,175.2,19.2,105.1,1,5,1
11,Andheri,Churchgate,30.0,Auto,Peak,1,0,105.5,2134.4,97.9,137.9,3,5,0
12,Andheri,Churchgate,30.0,Cab_Petrol,Peak,1,0,51.4,5582.6,276.2,132.8,5,5,0
13,Andheri,Churchgate,30.0,Car_Petrol,Rainy,0,1,66.2,4466.3,161.4,149.5,3,5,0
14,Andheri,Churchgate,30.0,Car_EV,Rainy,0,1,47.1,3815.3,37.0,139.4,5,4,0
15,Andheri,Churchgate,30.0,Bus_BEST,Rainy,0,1,123.1,508.8,18.8,161.4,2,4,0
16,Andheri,Churchgate,30.0,Local_Train,Rainy,0,1,41.2,183.6,19.2,128.8,3,5,1
17,Andheri,Churchgate,30.0,Auto,Rainy,0,1,69.9,2365.4,113.5,134.9,3,5,0
18,Andheri,Churchgate,30.0,Cab_Petrol,Rainy,0,1,69.8,4185.3,283.5,136.8,5,5,0
19,Andheri,Churchgate,30.0,Car_Petrol,Peak-Rain,1,1,87.7,4197.2,230.1,133.0,4,5,0
20,Andheri,Churchgate,30.0,Car_EV,Peak-Rain,1,1,94.3,3797.5,42.1,127.7,5,4,0
21,Andheri,Churchgate,30.0,Bus_BEST,Peak-Rain,1,1,203.2,482.3,20.5,119.9,1,4,0
22,Andheri,Churchgate,30.0,Local_Train,Peak-Rain,1,1,49.0,167.2,13.6,122.9,1,5,1
23,Andheri,Churchgate,30.0,Auto,Peak-Rain,1,1,98.3,2425.5,124.2,154.6,2,5,0
24,Andheri,Churchgate,30.0,Cab_Petrol,Peak-Rain,1,1,66.6,4326.8,266.7,122.1,4,5,0
25,Bandra,CST,24.0,Car_Petrol,Free,0,0,30.1,4086.2,135.5,151.6,5,5,0
26,Bandra,CST,24.0,Car_EV,Free,0,0,35.4,2240.0,33.8,146.1,5,4,0
27,Bandra,CST,24.0,Bus_BEST,Free,0,0,70.0,452.5,21.5,125.1,2,4,0
28,Bandra,CST,24.0,Local_Train,Free,0,0,31.9,161.9,16.2,93.3,2,5,1
29,Bandra,CST,24.0,Auto,Free,0,0,169.3,1521.9,87.8,121.4,4,5,0
30,Bandra,CST,24.0,Cab_Petrol,Free,0,0,36.1,3430.3,251.4,154.2,4,5,0
31,Bandra,CST,24.0,Car_Petrol,Peak,1,0,69.7,3420.1,166.7,137.2,5,5,0
32,Bandra,CST,24.0,Car_EV,Peak,1,0,159.6,2619.0,33.1,111.6,5,4,0
33,Bandra,CST,24.0,Bus_BEST,Peak,1,0,151.6,376.3,18.4,120.2,1,4,0
34,Bandra,CST,24.0,Local_Train,Peak,1,0,,128.0,14.7,138.0,1,5,1
35,Bandra,CST,24.0,Auto,Peak,1,0,63.9,2256.4,83.6,142.8,4,5,0
36,Bandra,CST,24.0,Cab_Petrol,Peak,1,0,42.4,3884.4,225.5,133.7,5,5,0
37,Bandra,CST,24.0,Car_Petrol,Rainy,0,1,51.3,4003.7,152.5,129.9,4,5,0
38,Bandra,CST,24.0,Car_EV,Rainy,0,1,44.7,3268.0,27.0,120.6,5,4,0
39,Bandra,CST,24.0,Bus_BEST,Rainy,0,1,97.3,361.9,17.9,113.4,2,4,0
40,Bandra,CST,24.0,Local_Train,Rainy,0,1,32.4,136.4,13.4,,2,5,1
41,Bandra,CST,24.0,Auto,Rainy,0,1,190.8,2014.0,76.6,127.7,2,5,0
42,Bandra,CST,24.0,Cab_Petrol,Rainy,0,1,38.9,3117.9,243.5,155.7,5,5,0
43,Bandra,CST,24.0,Car_Petrol,Peak-Rain,1,1,45.2,3805.3,173.4,165.7,4,5,0
44,Bandra,CST,24.0,Car_EV,Peak-Rain,1,1,59.0,2974.7,33.5,142.4,5,4,0
45,Bandra,CST,24.0,Bus_BEST,Peak-Rain,1,1,138.0,392.7,15.7,121.8,1,4,0
46,Bandra,CST,24.0,Local_Train,Peak-Rain,1,1,42.7,154.2,13.4,131.5,1,5,1
47,Bandra,CST,24.0,Auto,Peak-Rain,1,1,69.5,2005.3,90.3,135.4,2,5,0
48,Bandra,CST,24.0,Cab_Petrol,Peak-Rain,1,1,67.0,3423.8,221.1,124.9,4,5,0
49,Thane,Dadar,28.0,Car_Petrol,Free,0,0,45.2,4624.4,178.7,176.4,4,5,0
50,Thane,Dadar,28.0,Car_EV,Free,0,0,34.6,3171.6,38.0,138.6,5,4,0
51,Thane,Dadar,28.0,Bus_BEST,Free,0,0,78.7,505.3,18.5,185.3,2,4,0
52,Thane,Dadar,28.0,Local_Train,Free,0,0,35.7,178.0,16.3,151.4,2,5,1
53,Thane,Dadar,28.0,Auto,Free,0,0,46.3,2170.7,87.5,171.0,2,5,0
54,Thane,Dadar,28.0,Cab_Petrol,Free,0,0,45.0,4279.1,266.5,175.6,5,5,0
55,Thane,Dadar,28.0,Car_Petrol,Peak,1,0,70.1,3625.5,186.7,169.3,3,5,0
56,Thane,Dadar,28.0,Car_EV,Peak,1,0,76.6,3884.6,31.8,173.5,5,4,0
57,Thane,Dadar,28.0,Bus_BEST,Peak,1,0,138.6,467.2,20.7,154.1,1,4,0
58,Thane,Dadar,28.0,Local_Train,Peak,1,0,42.1,159.2,16.2,177.2,2,5,1
59,Thane,Dadar,28.0,Auto,Peak,1,0,73.1,2475.0,102.3,143.0,3,5,0
60,Thane,Dadar,28.0,Cab_Petrol,Peak,1,0,69.5,3852.1,285.0,177.3,5,5,0
61,Thane,Dadar,28.0,Car_Petrol,Rainy,0,1,60.2,3560.3,201.9,,5,5,0
62,Thane,Dadar,28.0,Car_EV,Rainy,0,1,60.2,3002.5,36.8,142.4,5,4,0
63,Thane,Dadar,28.0,Bus_BEST,Rainy,0,1,175.8,504.8,19.3,149.7,2,4,0
64,Thane,Dadar,28.0,Local_Train,Rainy,0,1,37.1,146.5,16.4,170.3,2,5,1
65,Thane,Dadar,28.0,Auto,Rainy,0,1,95.7,2633.1,102.3,172.7,3,5,0
66,Thane,Dadar,28.0,Cab_Petrol,Rainy,0,1,65.0,3281.2,281.1,180.0,5,5,0
67,Thane,Dadar,28.0,Car_Petrol,Peak-Rain,1,1,85.4,4847.0,182.6,188.0,3,5,0
68,Thane,Dadar,28.0,Car_EV,Peak-Rain,1,1,70.8,3631.0,34.4,174.9,4,4,0
69,Thane,Dadar,28.0,Bus_BEST,Peak-Rain,1,1,158.4,471.4,18.9,185.8,1,4,0
70,Thane,Dadar,28.0,Local_Train,Peak-Rain,1,1,44.4,158.8,14.4,168.4,1,5,1
71,Thane,Dadar,28.0,Auto,Peak-Rain,1,1,102.9,2329.4,111.7,167.6,2,5,0
72,Thane,Dadar,28.0,Cab_Petrol,Peak-Rain,1,1,,4128.4,252.1,191.9,4,5,0
73,Borivali,Lower Parel,40.0,Car_Petrol,Free,0,0,61.0,6573.2,245.6,183.0,4,5,0
74,Borivali,Lower Parel,40.0,Car_EV,Free,0,0,87.8,5138.0,49.0,134.8,5,4,0
75,Borivali,Lower Parel,40.0,Bus_BEST,Free,0,0,68.4,690.2,26.8,122.0,1,4,0
76,Borivali,Lower Parel,40.0,Local_Train,Free,0,0,51.3,231.3,19.5,153.4,2,5,1
77,Borivali,Lower Parel,40.0,Auto,Free,0,0,58.1,3181.8,154.0,142.9,4,5,0
78,Borivali,Lower Parel,40.0,Cab_Petrol,Free,0,0,54.3,6102.2,378.4,110.2,5,5,0
79,Borivali,Lower Parel,40.0,Car_Petrol,Peak,1,0,109.6,4907.6,265.8,171.9,4,5,0
80,Borivali,Lower Parel,40.0,Car_EV,Peak,1,0,91.2,4395.1,48.5,129.1,4,4,0
81,Borivali,Lower Parel,40.0,Bus_BEST,Peak,1,0,128.3,730.5,29.3,138.3,1,4,0
82,Borivali,Lower Parel,40.0,Local_Train,Peak,1,0,59.7,244.1,18.1,141.0,1,5,1
83,Borivali,Lower Parel,40.0,Auto,Peak,1,0,146.1,3141.1,143.5,153.4,3,5,0
84,Borivali,Lower Parel,40.0,Cab_Petrol,Peak,1,0,76.9,5930.9,420.3,169.3,5,5,0
85,Borivali,Lower Parel,40.0,Car_Petrol,Rainy,0,1,81.4,6125.8,268.6,145.2,4,5,0
86,Borivali,Lower Parel,40.0,Car_EV,Rainy,0,1,78.7,4805.8,51.2,146.1,5,4,0
87,Borivali,Lower Parel,40.0,Bus_BEST,Rainy,0,1,123.3,627.1,24.7,134.9,2,4,0
88,Borivali,Lower Parel,40.0,Local_Train,Rainy,0,1,56.9,244.7,20.1,147.5,3,5,1
89,Borivali,Lower Parel,40.0,Auto,Rainy,0,1,125.5,2886.9,138.4,158.9,4,5,0
90,Borivali,Lower Parel,40.0,Cab_Petrol,Rainy,0,1,46.4,6161.7,430.8,136.0,5,5,0
91,Borivali,Lower Parel,40.0,Car_Petrol,Peak-Rain,1,1,112.0,4912.1,306.0,181.1,4,5,0
92,Borivali,Lower Parel,40.0,Car_EV,Peak-Rain,1,1,93.7,5602.8,49.7,129.7,5,4,0
93,Borivali,Lower Parel,40.0,Bus_BEST,Peak-Rain,1,1,229.9,712.1,22.3,154.5,1,4,0
94,Borivali,Lower Parel,40.0,Local_Train,Peak-Rain,1,1,59.3,246.1,19.9,141.7,2,5,1
95,Borivali,Lower Parel,40.0,Auto,Peak-Rain,1,1,150.8,3514.5,168.9,186.7,3,5,0
96,Borivali,Lower Parel,40.0,Cab_Petrol,Peak-Rain,1,1,118.9,6906.0,374.3,155.9,5,5,0
97,Kurla,Nariman Point,26.0,Car_Petrol,Free,0,0,45.8,4238.3,191.2,114.1,4,5,0
98,Kurla,Nariman Point,26.0,Car_EV,Free,0,0,29.6,2694.1,38.3,111.0,5,4,0
99,Kurla,Nariman Point,26.0,Bus_BEST,Free,0,0,66.2,385.4,18.2,108.0,1,4,0
100,Kurla,Nariman Point,26.0,Local_Train,Free,0,0,32.1,146.3,16.1,120.9,1,5,1
101,Kurla,Nariman Point,26.0,Auto,Free,0,0,48.4,2085.4,102.9,93.9,3,5,0
102,Kurla,Nariman Point,26.0,Cab_Petrol,Free,0,0,52.8,4047.2,252.1,104.0,5,5,0
103,Kurla,Nariman Point,26.0,Car_Petrol,Peak,1,0,63.2,3568.7,166.2,107.8,4,5,0
104,Kurla,Nariman Point,26.0,Car_EV,Peak,1,0,43.7,3363.7,32.2,124.8,5,4,0
105,Kurla,Nariman Point,26.0,Bus_BEST,Peak,1,0,125.9,408.6,17.5,136.3,1,4,0
106,Kurla,Nariman Point,26.0,Local_Train,Peak,1,0,52.3,146.5,14.6,109.0,1,5,1
107,Kurla,Nariman Point,26.0,Auto,Peak,1,0,100.9,1787.4,82.1,117.4,2,5,0
108,Kurla,Nariman Point,26.0,Cab_Petrol,Peak,1,0,40.7,3492.7,260.7,124.7,5,5,0
109,Kurla,Nariman Point,26.0,Car_Petrol,Rainy,0,1,45.8,3327.9,158.6,138.8,4,5,0
110,Kurla,Nariman Point,26.0,Car_EV,Rainy,0,1,63.5,2979.8,34.4,99.3,5,4,0
111,Kurla,Nariman Point,26.0,Bus_BEST,Rainy,0,1,79.2,488.6,16.6,115.9,2,4,0
112,Kurla,Nariman Point,26.0,Local_Train,Rainy,0,1,34.6,141.2,15.8,123.2,2,5,1
113,Kurla,Nariman Point,26.0,Auto,Rainy,0,1,83.6,2627.5,97.1,125.6,2,5,0
114,Kurla,Nariman Point,26.0,Cab_Petrol,Rainy,0,1,41.3,4037.8,218.5,124.6,5,5,0
115,Kurla,Nariman Point,26.0,Car_Petrol,Peak-Rain,1,1,,3919.1,174.1,141.6,4,5,0
116,Kurla,Nariman Point,26.0,Car_EV,Peak-Rain,1,1,24.7,3018.6,37.1,75.9,5,4,0
117,Kurla,Nariman Point,26.0,Bus_BEST,Peak-Rain,1,1,101.5,473.0,17.2,122.9,1,4,0
118,Kurla,Nariman Point,26.0,Local_Train,Peak-Rain,1,1,43.8,147.0,17.5,101.8,1,5,1
119,Kurla,Nariman Point,26.0,Auto,Peak-Rain,1,1,75.3,2105.4,94.1,95.0,3,5,0
120,Kurla,Nariman Point,26.0,Cab_Petrol,Peak-Rain,1,1,93.1,4833.1,245.3,134.2,5,5,0
121,Malad,Bandra,15.0,Car_Petrol,Free,0,0,16.1,2198.7,97.1,157.5,4,5,0
122,Malad,Bandra,15.0,Car_EV,Free,0,0,20.5,2123.9,20.4,128.6,5,4,0
123,Malad,Bandra,15.0,Bus_BEST,Free,0,0,42.0,237.1,13.6,146.2,2,4,0
124,Malad,Bandra,15.0,Local_Train,Free,0,0,23.9,89.7,11.5,155.4,2,5,1
125,Malad,Bandra,15.0,Auto,Free,0,0,22.9,1412.5,48.6,154.9,4,5,0
126,Malad,Bandra,15.0,Cab_Petrol,Free,0,0,27.7,2080.8,152.0,161.8,5,5,0
127,Malad,Bandra,15.0,Car_Petrol,Peak,1,0,33.9,2622.4,86.5,150.2,5,5,0
128,Malad,Bandra,15.0,Car_EV,Peak,1,0,27.2,2039.8,19.3,132.3,5,4,0
129,Malad,Bandra,15.0,Bus_BEST,Peak,1,0,67.1,240.7,12.5,106.5,1,4,0
130,Malad,Bandra,15.0,Local_Train,Peak,1,0,30.5,95.7,10.4,126.4,1,5,1
131,Malad,Bandra,15.0,Auto,Peak,1,0,42.4,1316.7,57.7,121.9,3,5,0
132,Malad,Bandra,15.0,Cab_Petrol,Peak,1,0,34.3,2358.0,163.1,173.8,5,5,0
133,Malad,Bandra,15.0,Car_Petrol,Rainy,0,1,27.0,1871.4,102.3,133.9,4,5,0
134,Malad,Bandra,15.0,Car_EV,Rainy,0,1,30.0,1766.5,17.8,132.9,5,4,0
135,Malad,Bandra,15.0,Bus_BEST,Rainy,0,1,60.2,248.7,13.2,140.3,3,4,0
136,Malad,Bandra,15.0,Local_Train,Rainy,0,1,24.1,89.3,12.1,130.9,2,5,1
137,Malad,Bandra,15.0,Auto,Rainy,0,1,31.5,1274.5,53.1,162.3,3,5,0
138,Malad,Bandra,15.0,Cab_Petrol,Rainy,0,1,41.8,2259.4,177.8,126.6,4,5,0
139,Malad,Bandra,15.0,Car_Petrol,Peak-Rain,1,1,24.7,1923.6,100.6,142.7,4,5,0
140,Malad,Bandra,15.0,Car_EV,Peak-Rain,1,1,39.3,1977.4,19.8,119.6,4,4,0
141,Malad,Bandra,15.0,Bus_BEST,Peak-Rain,1,1,82.3,270.6,13.2,111.3,1,4,0
142,Malad,Bandra,15.0,Local_Train,Peak-Rain,1,1,30.7,95.0,11.1,120.7,1,5,1
143,Malad,Bandra,15.0,Auto,Peak-Rain,1,1,50.7,1329.7,51.9,136.2,3,5,0
144,Malad,Bandra,15.0,Cab_Petrol,Peak-Rain,1,1,38.8,2405.1,158.5,132.2,5,5,0
145,Goregaon,Andheri,7.0,Car_Petrol,Free,0,0,9.5,1083.6,49.0,139.7,4,5,0
146,Goregaon,Andheri,7.0,Car_EV,Free,0,0,9.3,882.8,8.5,124.9,4,4,0
147,Goregaon,Andheri,7.0,Bus_BEST,Free,0,0,22.3,99.2,8.5,149.1,3,4,0
148,Goregaon,Andheri,7.0,Local_Train,Free,0,0,13.0,43.8,6.7,123.0,2,5,0
149,Goregaon,Andheri,7.0,Metro,Free,0,0,11.3,57.2,17.7,163.8,4,4,1
150,Goregaon,Andheri,7.0,Auto,Free,0,0,17.7,575.2,22.3,153.3,4,5,0
151,Goregaon,Andheri,7.0,Cab_Petrol,Free,0,0,11.1,903.7,57.9,125.7,5,5,0
152,Goregaon,Andheri,7.0,Car_Petrol,Peak,1,0,18.4,924.0,46.9,148.0,4,5,0
153,Goregaon,Andheri,7.0,Car_EV,Peak,1,0,17.8,982.6,10.9,136.9,5,4,0
154,Goregaon,Andheri,7.0,Bus_BEST,Peak,1,0,23.9,118.5,9.5,156.6,1,4,0
155,Goregaon,Andheri,7.0,Local_Train,Peak,1,0,18.4,44.9,8.3,174.2,2,5,0
156,Goregaon,Andheri,7.0,Metro,Peak,1,0,18.7,56.2,17.1,,4,4,1
157,Goregaon,Andheri,7.0,Auto,Peak,1,0,25.2,561.7,24.3,154.7,3,5,0
158,Goregaon,Andheri,7.0,Cab_Petrol,Peak,1,0,15.7,1133.2,75.1,150.7,5,5,0
159,Goregaon,Andheri,7.0,Car_Petrol,Rainy,0,1,14.0,982.5,44.4,165.5,4,5,0
160,Goregaon,Andheri,7.0,Car_EV,Rainy,0,1,17.2,897.5,,154.4,5,4,0
161,Goregaon,Andheri,7.0,Bus_BEST,Rainy,0,1,21.9,113.5,9.7,137.1,2,4,0
162,Goregaon,Andheri,7.0,Local_Train,Rainy,0,1,13.2,40.2,7.4,144.4,1,5,0
163,Goregaon,Andheri,7.0,Metro,Rainy,0,1,11.8,54.3,18.3,135.8,5,4,1
164,Goregaon,Andheri,7.0,Auto,Rainy,0,1,18.7,572.4,24.2,172.0,3,5,0
165,Goregaon,Andheri,7.0,Cab_Petrol,Rainy,0,1,16.7,986.4,65.8,153.6,5,5,0
166,Goregaon,Andheri,7.0,Car_Petrol,Peak-Rain,1,1,22.0,1166.1,47.5,189.6,5,5,0
167,Goregaon,Andheri,7.0,Car_EV,Peak-Rain,1,1,22.0,809.5,8.4,149.5,5,4,0
168,Goregaon,Andheri,7.0,Bus_BEST,Peak-Rain,1,1,43.4,116.8,9.5,138.2,1,4,0
169,Goregaon,Andheri,7.0,Local_Train,Peak-Rain,1,1,19.3,40.2,7.8,122.8,1,5,0
170,Goregaon,Andheri,7.0,Metro,Peak-Rain,1,1,18.6,64.1,18.5,117.6,3,4,1
171,Goregaon,Andheri,7.0,Auto,Peak-Rain,1,1,25.3,571.0,25.4,124.1,3,5,0
172,Goregaon,Andheri,7.0,Cab_Petrol,Peak-Rain,1,1,20.1,1142.9,69.9,159.3,5,5,0
173,Kandivali,Churchgate,45.0,Car_Petrol,Free,0,0,65.7,5670.6,311.6,144.1,4,5,0
174,Kandivali,Churchgate,45.0,Car_EV,Free,0,0,68.8,5867.6,65.0,,4,4,0
175,Kandivali,Churchgate,45.0,Bus_BEST,Free,0,0,137.3,833.1,26.1,136.9,1,4,0
176,Kandivali,Churchgate,45.0,Local_Train,Free,0,0,50.6,272.2,20.0,113.5,3,5,1
177,Kandivali,Churchgate,45.0,Auto,Free,0,0,136.7,3983.6,141.0,133.5,2,5,0
178,Kandivali,Churchgate,45.0,Cab_Petrol,Free,0,0,53.9,6315.5,411.7,162.1,5,5,0
179,Kandivali,Churchgate,45.0,Car_Petrol,Peak,1,0,76.6,7598.6,285.4,159.1,4,5,0
180,Kandivali,Churchgate,45.0,Car_EV,Peak,1,0,124.6,7028.8,55.6,119.4,5,4,0
181,Kandivali,Churchgate,45.0,Bus_BEST,Peak,1,0,213.2,737.2,24.6,112.0,2,4,0
182,Kandivali,Churchgate,45.0,Local_Train,Peak,1,0,73.5,258.0,20.1,89.5,1,5,1
183,Kandivali,Churchgate,45.0,Auto,Peak,1,0,162.8,4123.2,164.2,125.1,3,5,0
184,Kandivali,Churchgate,45.0,Cab_Petrol,Peak,1,0,101.0,7712.0,447.5,140.0,4,5,0
185,Kandivali,Churchgate,45.0,Car_Petrol,Rainy,0,1,72.0,6311.8,303.9,123.9,4,5,0
186,Kandivali,Churchgate,45.0,Car_EV,Rainy,0,1,89.1,5474.9,58.8,121.0,5,4,0
187,Kandivali,Churchgate,45.0,Bus_BEST,Rainy,0,1,137.9,743.4,21.0,125.9,1,4,0
188,Kandivali,Churchgate,45.0,Local_Train,Rainy,0,1,58.3,233.7,18.5,117.3,2,5,1
189,Kandivali,Churchgate,45.0,Auto,Rainy,0,1,121.7,3269.3,155.7,124.1,4,5,0
190,Kandivali,Churchgate,45.0,Cab_Petrol,Rainy,0,1,73.3,5991.2,406.5,143.3,5,5,0
191,Kandivali,Churchgate,45.0,Car_Petrol,Peak-Rain,1,1,113.7,6148.6,,156.2,5,5,0
192,Kandivali,Churchgate,45.0,Car_EV,Peak-Rain,1,1,131.5,5695.2,65.7,107.8,5,4,0
193,Kandivali,Churchgate,45.0,Bus_BEST,Peak-Rain,1,1,196.0,782.9,27.4,147.9,2,4,0
194,Kandivali,Churchgate,45.0,Local_Train,Peak-Rain,1,1,65.4,311.9,19.7,119.4,1,5,1
195,Kandivali,Churchgate,45.0,Auto,Peak-Rain,1,1,182.1,3240.6,176.3,140.5,3,5,0
196,Kandivali,Churchgate,45.0,Cab_Petrol,Peak-Rain,1,1,127.5,7315.6,455.4,160.9,5,5,0
197,Ghatkopar,BKC,10.5,Car_Petrol,Free,0,0,14.2,1520.7,66.4,135.4,3,5,0
198,Ghatkopar,BKC,10.5,Car_EV,Free,0,0,14.3,1326.9,13.0,143.2,5,4,0
199,Ghatkopar,BKC,10.5,Bus_BEST,Free,0,0,29.9,190.5,10.9,133.2,1,4,0
200,Ghatkopar,BKC,10.5,Local_Train,Free,0,0,14.6,55.9,8.9,118.7,2,5,0
201,Ghatkopar,BKC,10.5,Metro,Free,0,0,13.8,87.2,20.8,133.7,4,4,1
202,Ghatkopar,BKC,10.5,Auto,Free,0,0,19.3,854.0,37.3,112.7,4,5,0
203,Ghatkopar,BKC,10.5,Cab_Petrol,Free,0,0,15.1,1630.5,105.0,133.4,5,5,0
204,Ghatkopar,BKC,10.5,Car_Petrol,Peak,1,0,25.1,1598.9,70.6,133.0,4,5,0
205,Ghatkopar,BKC,10.5,Car_EV,Peak,1,0,30.6,1660.9,15.0,125.6,5,4,0
206,Ghatkopar,BKC,10.5,Bus_BEST,Peak,1,0,50.4,167.1,12.1,127.3,1,4,0
207,Ghatkopar,BKC,10.5,Local_Train,Peak,1,0,23.7,59.7,8.1,99.2,1,5,0
208,Ghatkopar,BKC,10.5,Metro,Peak,1,0,21.5,78.8,16.3,119.8,3,4,1
209,Ghatkopar,BKC,10.5,Auto,Peak,1,0,27.0,793.3,39.6,133.4,2,5,0
210,Ghatkopar,BKC,10.5,Cab_Petrol,Peak,1,0,23.5,1455.0,93.5,136.1,5,5,0
211,Ghatkopar,BKC,10.5,Car_Petrol,Rainy,0,1,19.3,1738.8,67.0,116.4,4,5,0
212,Ghatkopar,BKC,10.5,Car_EV,Rainy,0,1,21.8,1522.9,12.4,148.2,4,4,0
213,Ghatkopar,BKC,10.5,Bus_BEST,Rainy,0,1,31.0,168.3,9.6,115.7,1,4,0
214,Ghatkopar,BKC,10.5,Local_Train,Rainy,0,1,17.2,57.8,9.6,143.0,2,5,0
215,Ghatkopar,BKC,10.5,Metro,Rainy,0,1,17.4,88.0,21.7,134.7,5,4,1
216,Ghatkopar,BKC,10.5,Auto,Rainy,0,1,28.7,793.6,35.1,121.2,2,5,0
217,Ghatkopar,BKC,10.5,Cab_Petrol,Rainy,0,1,22.1,1652.4,83.2,161.1,5,5,0
218,Ghatkopar,BKC,10.5,Car_Petrol,Peak-Rain,1,1,32.3,1585.5,65.2,115.3,4,5,0
219,Ghatkopar,BKC,10.5,Car_EV,Peak-Rain,1,1,26.1,1131.4,14.1,,5,4,0
220,Ghatkopar,BKC,10.5,Bus_BEST,Peak-Rain,1,1,53.8,206.1,9.9,145.0,1,4,0
221,Ghatkopar,BKC,10.5,Local_Train,Peak-Rain,1,1,24.0,74.3,9.3,,1,5,0
222,Ghatkopar,BKC,10.5,Metro,Peak-Rain,1,1,21.7,78.9,20.5,149.6,5,4,1
223,Ghatkopar,BKC,10.5,Auto,Peak-Rain,1,1,34.2,807.4,38.5,128.7,3,5,0
224,Ghatkopar,BKC,10.5,Cab_Petrol,Peak-Rain,1,1,28.5,1598.4,106.0,139.3,5,5,0
225,Sion,Dadar,5.0,Car_Petrol,Free,0,0,8.2,764.7,30.0,166.9,4,5,0
226,Sion,Dadar,5.0,Car_EV,Free,0,0,9.7,676.8,7.1,157.6,5,4,0
227,Sion,Dadar,5.0,Bus_BEST,Free,0,0,16.2,102.1,8.4,176.0,2,4,0
228,Sion,Dadar,5.0,Local_Train,Free,0,0,12.3,29.5,7.0,175.3,3,5,1
229,Sion,Dadar,5.0,Auto,Free,0,0,9.1,368.1,16.2,127.4,3,5,0
230,Sion,Dadar,5.0,Cab_Petrol,Free,0,0,8.8,637.9,48.2,187.1,5,5,0
231,Sion,Dadar,5.0,Car_Petrol,Peak,1,0,11.6,685.9,30.2,130.2,5,5,0
232,Sion,Dadar,5.0,Car_EV,Peak,1,0,16.1,632.9,6.4,180.3,5,4,0
233,Sion,Dadar,5.0,Bus_BEST,Peak,1,0,17.2,100.3,9.7,182.3,1,4,0
234,Sion,Dadar,5.0,Local_Train,Peak,1,0,15.6,28.4,6.2,139.1,1,5,1
235,Sion,Dadar,5.0,Auto,Peak,1,0,14.2,409.0,15.2,153.9,3,5,0
236,Sion,Dadar,5.0,Cab_Petrol,Peak,1,0,6.4,738.8,55.9,141.0,5,5,0
237,Sion,Dadar,5.0,Car_Petrol,Rainy,0,1,8.8,827.9,32.0,158.1,4,5,0
238,Sion,Dadar,5.0,Car_EV,Rainy,0,1,8.3,795.5,6.2,154.4,5,4,0
239,Sion,Dadar,5.0,Bus_BEST,Rainy,0,1,18.2,80.5,9.2,175.5,3,4,0
240,Sion,Dadar,5.0,Local_Train,Rainy,0,1,10.8,28.5,6.7,185.3,1,5,1
241,Sion,Dadar,5.0,Auto,Rainy,0,1,19.1,441.8,20.1,188.7,3,5,0
242,Sion,Dadar,5.0,Cab_Petrol,Rainy,0,1,11.7,790.5,52.7,151.4,5,5,0
243,Sion,Dadar,5.0,Car_Petrol,Peak-Rain,1,1,11.9,876.7,31.2,159.1,3,5,0
244,Sion,Dadar,5.0,Car_EV,Peak-Rain,1,1,11.1,672.1,7.6,128.0,5,4,0
245,Sion,Dadar,5.0,Bus_BEST,Peak-Rain,1,1,26.9,81.9,8.1,145.2,1,4,0
246,Sion,Dadar,5.0,Local_Train,Peak-Rain,1,1,14.9,31.8,7.4,178.6,1,5,1
247,Sion,Dadar,5.0,Auto,Peak-Rain,1,1,26.4,444.3,17.9,193.6,3,5,0
248,Sion,Dadar,5.0,Cab_Petrol,Peak-Rain,1,1,16.7,800.7,55.2,139.0,5,5,0
249,Chembur,Fort,24.5,Car_Petrol,Free,0,0,33.3,3809.9,179.1,117.6,3,5,0
250,Chembur,Fort,24.5,Car_EV,Free,0,0,24.2,3443.4,32.0,118.8,5,4,0
251,Chembur,Fort,24.5,Bus_BEST,Free,0,0,84.9,465.2,17.1,124.0,2,4,0
252,Chembur,Fort,24.5,Local_Train,Free,0,0,31.4,167.3,15.3,106.7,3,5,1
253,Chembur,Fort,24.5,Auto,Free,0,0,65.5,2087.1,81.1,130.4,3,5,0
254,Chembur,Fort,24.5,Cab_Petrol,Free,0,0,25.1,3565.4,284.5,119.4,5,5,0
255,Chembur,Fort,24.5,Car_Petrol,Peak,1,0,48.5,3679.2,160.9,130.7,5,5,0
256,Chembur,Fort,24.5,Car_EV,Peak,1,0,55.2,3486.9,31.0,127.7,5,4,0
257,Chembur,Fort,24.5,Bus_BEST,Peak,1,0,101.1,382.5,18.5,121.0,1,4,0
258,Chembur,Fort,24.5,Local_Train,Peak,1,0,41.2,152.4,13.2,112.2,1,5,1
259,Chembur,Fort,24.5,Auto,Peak,1,0,88.6,1882.9,79.1,125.5,3,5,0
260,Chembur,Fort,24.5,Cab_Petrol,Peak,1,0,43.3,3636.4,268.5,129.5,4,5,0
261,Chembur,Fort,24.5,Car_Petrol,Rainy,0,1,46.4,4089.6,150.8,123.4,3,5,0
262,Chembur,Fort,24.5,Car_EV,Rainy,0,1,49.0,3171.0,29.2,115.9,5,4,0
263,Chembur,Fort,24.5,Bus_BEST,Rainy,0,1,95.8,418.4,19.0,143.6,2,4,0
264,Chembur,Fort,24.5,Local_Train,Rainy,0,1,,127.0,,126.3,3,5,1
265,Chembur,Fort,24.5,Auto,Rainy,0,1,52.9,2106.3,90.7,121.5,4,5,0
266,Chembur,Fort,24.5,Cab_Petrol,Rainy,0,1,33.1,3860.1,264.5,139.9,5,5,0
267,Chembur,Fort,24.5,Car_Petrol,Peak-Rain,1,1,83.1,4410.4,149.6,128.1,3,5,0
268,Chembur,Fort,24.5,Car_EV,Peak-Rain,1,1,,3015.7,,137.1,4,4,0
269,Chembur,Fort,24.5,Bus_BEST,Peak-Rain,1,1,102.3,425.6,20.4,126.9,2,4,0
270,Chembur,Fort,24.5,Local_Train,Peak-Rain,1,1,48.0,150.7,14.4,116.9,1,5,1
271,Chembur,Fort,24.5,Auto,Peak-Rain,1,1,96.7,2269.2,84.1,135.9,3,5,0
272,Chembur,Fort,24.5,Cab_Petrol,Peak-Rain,1,1,81.8,3591.4,271.0,108.3,5,5,0
273,Vile Parle,Andheri,5.5,Car_Petrol,Free,0,0,8.3,836.7,37.4,131.4,3,5,0
274,Vile Parle,Andheri,5.5,Car_EV,Free,0,0,11.6,741.0,7.5,128.8,5,4,0
275,Vile Parle,Andheri,5.5,Bus_BEST,Free,0,0,20.3,95.2,10.3,153.0,3,4,0
276,Vile Parle,Andheri,5.5,Local_Train,Free,0,0,10.8,31.5,6.8,181.3,3,5,0
277,Vile Parle,Andheri,5.5,Metro,Free,0,0,11.3,44.9,16.7,190.3,4,4,1
278,Vile Parle,Andheri,5.5,Auto,Free,0,0,13.3,487.2,19.3,163.0,3,5,0
279,Vile Parle,Andheri,5.5,Cab_Petrol,Free,0,0,10.4,730.4,56.2,161.0,5,5,0
280,Vile Parle,Andheri,5.5,Car_Petrol,Peak,1,0,10.0,824.8,40.2,119.9,4,5,0
281,Vile Parle,Andheri,5.5,Car_EV,Peak,1,0,14.1,649.6,7.5,140.6,5,4,0
282,Vile Parle,Andheri,5.5,Bus_BEST,Peak,1,0,27.3,104.7,9.2,136.5,1,4,0
283,Vile Parle,Andheri,5.5,Local_Train,Peak,1,0,14.9,28.0,7.8,138.9,1,5,0
284,Vile Parle,Andheri,5.5,Metro,Peak,1,0,14.5,41.5,15.0,147.1,4,4,1
285,Vile Parle,Andheri,5.5,Auto,Peak,1,0,10.5,456.6,17.9,143.5,2,5,0
286,Vile Parle,Andheri,5.5,Cab_Petrol,Peak,1,0,11.7,941.4,50.4,116.6,5,5,0
287,Vile Parle,Andheri,5.5,Car_Petrol,Rainy,0,1,12.2,808.6,30.2,166.2,5,5,0
288,Vile Parle,Andheri,5.5,Car_EV,Rainy,0,1,13.9,659.7,8.4,131.0,5,4,0
289,Vile Parle,Andheri,5.5,Bus_BEST,Rainy,0,1,19.8,111.1,8.0,154.9,2,4,0
290,Vile Parle,Andheri,5.5,Local_Train,Rainy,0,1,12.4,28.2,7.1,187.5,3,5,0
291,Vile Parle,Andheri,5.5,Metro,Rainy,0,1,9.3,34.3,15.2,133.5,3,4,1
292,Vile Parle,Andheri,5.5,Auto,Rainy,0,1,10.1,459.4,19.7,105.7,3,5,0
293,Vile Parle,Andheri,5.5,Cab_Petrol,Rainy,0,1,10.6,773.1,58.6,147.3,5,5,0
294,Vile Parle,Andheri,5.5,Car_Petrol,Peak-Rain,1,1,15.9,730.9,38.3,173.8,3,5,0
295,Vile Parle,Andheri,5.5,Car_EV,Peak-Rain,1,1,14.7,748.0,6.9,185.9,5,4,0
296,Vile Parle,Andheri,5.5,Bus_BEST,Peak-Rain,1,1,15.8,95.8,8.7,128.6,1,4,0
297,Vile Parle,Andheri,5.5,Local_Train,Peak-Rain,1,1,17.2,31.1,7.4,159.0,2,5,0
298,Vile Parle,Andheri,5.5,Metro,Peak-Rain,1,1,14.3,38.4,15.2,141.7,5,4,1
299,Vile Parle,Andheri,5.5,Auto,Peak-Rain,1,1,24.0,478.4,21.7,150.6,2,5,0
300,Vile Parle,Andheri,5.5,Cab_Petrol,Peak-Rain,1,1,15.9,866.9,57.2,202.2,5,5,0
301,Santacruz,BKC,8.0,Car_Petrol,Free,0,0,9.7,1172.3,55.1,107.2,4,5,0
302,Santacruz,BKC,8.0,Car_EV,Free,0,0,10.8,1203.6,11.0,132.3,5,4,0
303,Santacruz,BKC,8.0,Bus_BEST,Free,0,0,17.2,121.4,10.9,135.8,2,4,0
304,Santacruz,BKC,8.0,Local_Train,Free,0,0,13.6,40.7,8.3,144.8,2,5,0
305,Santacruz,BKC,8.0,Metro,Free,0,0,14.0,59.6,16.1,129.6,3,4,1
306,Santacruz,BKC,8.0,Auto,Free,0,0,13.7,637.1,28.9,134.8,2,5,0
307,Santacruz,BKC,8.0,Cab_Petrol,Free,0,0,13.2,1212.8,75.8,124.7,5,5,0
308,Santacruz,BKC,8.0,Car_Petrol,Peak,1,0,16.1,1155.4,49.8,136.5,4,5,0
309,Santacruz,BKC,8.0,Car_EV,Peak,1,0,15.1,1051.8,10.9,123.3,4,4,0
310,Santacruz,BKC,8.0,Bus_BEST,Peak,1,0,32.0,119.0,11.0,138.6,1,4,0
311,Santacruz,BKC,8.0,Local_Train,Peak,1,0,19.0,54.9,8.2,122.4,1,5,0
312,Santacruz,BKC,8.0,Metro,Peak,1,0,17.9,63.5,18.4,133.9,4,4,1
313,Santacruz,BKC,8.0,Auto,Peak,1,0,19.5,711.5,31.8,130.5,2,5,0
314,Santacruz,BKC,8.0,Cab_Petrol,Peak,1,0,25.1,1224.6,81.5,150.1,5,5,0
315,Santacruz,BKC,8.0,Car_Petrol,Rainy,0,1,15.7,1238.1,62.8,130.8,5,5,0
316,Santacruz,BKC,8.0,Car_EV,Rainy,0,1,13.4,1073.9,10.9,101.2,5,4,0
317,Santacruz,BKC,8.0,Bus_BEST,Rainy,0,1,29.6,142.1,8.6,,1,4,0
318,Santacruz,BKC,8.0,Local_Train,Rainy,0,1,13.6,51.1,8.7,114.2,1,5,0
319,Santacruz,BKC,8.0,Metro,Rainy,0,1,12.8,72.5,18.5,118.1,3,4,1
320,Santacruz,BKC,8.0,Auto,Rainy,0,1,25.0,652.6,30.9,121.3,3,5,0
321,Santacruz,BKC,8.0,Cab_Petrol,Rainy,0,1,18.0,1267.9,84.3,153.3,5,5,0
322,Santacruz,BKC,8.0,Car_Petrol,Peak-Rain,1,1,19.3,1173.4,51.4,98.9,3,5,0
323,Santacruz,BKC,8.0,Car_EV,Peak-Rain,1,1,,1162.3,9.4,,4,4,0
324,Santacruz,BKC,8.0,Bus_BEST,Peak-Rain,1,1,,126.8,9.8,145.6,1,4,0
325,Santacruz,BKC,8.0,Local_Train,Peak-Rain,1,1,16.9,56.6,7.6,131.5,1,5,0
326,Santacruz,BKC,8.0,Metro,Peak-Rain,1,1,16.4,63.7,17.2,127.3,3,4,1
327,Santacruz,BKC,8.0,Auto,Peak-Rain,1,1,39.3,548.4,29.3,136.1,3,5,0
328,Santacruz,BKC,8.0,Cab_Petrol,Peak-Rain,1,1,28.7,1199.2,90.7,141.3,5,5,0
329,Mulund,Thane,7.0,Car_Petrol,Free,0,0,10.0,965.4,46.9,175.0,3,5,0
330,Mulund,Thane,7.0,Car_EV,Free,0,0,11.7,963.7,8.2,171.0,4,4,0
331,Mulund,Thane,7.0,Bus_BEST,Free,0,0,20.3,111.2,9.8,162.3,2,4,0
332,Mulund,Thane,7.0,Local_Train,Free,0,0,15.7,40.1,8.5,156.3,2,5,1
333,Mulund,Thane,7.0,Auto,Free,0,0,18.4,454.2,23.3,158.9,2,5,0
334,Mulund,Thane,7.0,Cab_Petrol,Free,0,0,10.2,989.1,69.2,,5,5,0
335,Mulund,Thane,7.0,Car_Petrol,Peak,1,0,12.8,784.9,45.6,186.0,3,5,0
336,Mulund,Thane,7.0,Car_EV,Peak,1,0,10.7,748.2,8.5,171.9,5,4,0
337,Mulund,Thane,7.0,Bus_BEST,Peak,1,0,29.8,128.0,10.0,104.1,1,4,0
338,Mulund,Thane,7.0,Local_Train,Peak,1,0,18.1,45.3,7.7,172.7,1,5,1
339,Mulund,Thane,7.0,Auto,Peak,1,0,16.1,583.8,25.3,166.4,4,5,0
340,Mulund,Thane,7.0,Cab_Petrol,Peak,1,0,13.8,935.8,65.0,163.3,5,5,0
341,Mulund,Thane,7.0,Car_Petrol,Rainy,0,1,10.7,1031.1,43.9,155.6,3,5,0
342,Mulund,Thane,7.0,Car_EV,Rainy,0,1,18.3,888.7,9.6,182.2,4,4,0
343,Mulund,Thane,7.0,Bus_BEST,Rainy,0,1,29.2,105.2,9.2,179.0,2,4,0
344,Mulund,Thane,7.0,Local_Train,Rainy,0,1,12.6,48.3,8.9,145.3,3,5,1
345,Mulund,Thane,7.0,Auto,Rainy,0,1,25.3,609.1,23.7,170.2,2,5,0
346,Mulund,Thane,7.0,Cab_Petrol,Rainy,0,1,13.9,1013.1,71.3,144.2,4,5,0
347,Mulund,Thane,7.0,Car_Petrol,Peak-Rain,1,1,15.6,1038.8,48.9,137.2,4,5,0
348,Mulund,Thane,7.0,Car_EV,Peak-Rain,1,1,24.7,907.5,8.1,148.5,5,4,0
349,Mulund,Thane,7.0,Bus_BEST,Peak-Rain,1,1,38.1,94.7,8.2,177.7,1,4,0
350,Mulund,Thane,7.0,Local_Train,Peak-Rain,1,1,17.7,41.0,6.8,178.4,1,5,1
351,Mulund,Thane,7.0,Auto,Peak-Rain,1,1,26.0,521.8,27.0,173.2,3,5,0
352,Mulund,Thane,7.0,Cab_Petrol,Peak-Rain,1,1,15.6,932.2,66.9,178.7,4,5,0
353,Powai,Kurla,6.5,Car_Petrol,Free,0,0,7.1,935.0,50.8,177.7,4,5,0
354,Powai,Kurla,6.5,Car_EV,Free,0,0,11.6,973.9,8.1,152.6,5,4,0
355,Powai,Kurla,6.5,Bus_BEST,Free,0,0,24.5,117.6,9.3,174.1,2,4,0
356,Powai,Kurla,6.5,Local_Train,Free,0,0,10.7,36.8,8.5,181.0,2,5,1
357,Powai,Kurla,6.5,Auto,Free,0,0,15.5,549.8,26.5,181.7,3,5,0
358,Powai,Kurla,6.5,Cab_Petrol,Free,0,0,8.5,1096.6,75.7,191.2,4,5,0
359,Powai,Kurla,6.5,Car_Petrol,Peak,1,0,13.2,1050.9,46.3,182.7,4,5,0
360,Powai,Kurla,6.5,Car_EV,Peak,1,0,12.9,830.4,9.2,172.5,5,4,0
361,Powai,Kurla,6.5,Bus_BEST,Peak,1,0,22.0,103.4,9.6,187.1,1,4,0
362,Powai,Kurla,6.5,Local_Train,Peak,1,0,18.8,41.7,8.1,164.6,1,5,1
363,Powai,Kurla,6.5,Auto,Peak,1,0,17.4,540.5,21.8,149.7,4,5,0
364,Powai,Kurla,6.5,Cab_Petrol,Peak,1,0,15.4,1048.1,60.7,165.1,5,5,0
365,Powai,Kurla,6.5,Car_Petrol,Rainy,0,1,12.6,1023.1,42.2,153.0,3,5,0
366,Powai,Kurla,6.5,Car_EV,Rainy,0,1,12.1,912.1,8.4,152.0,4,4,0
367,Powai,Kurla,6.5,Bus_BEST,Rainy,0,1,18.8,104.6,8.9,162.8,1,4,0
368,Powai,Kurla,6.5,Local_Train,Rainy,0,1,11.5,44.1,8.0,149.4,2,5,1
369,Powai,Kurla,6.5,Auto,Rainy,0,1,20.8,530.3,24.5,160.9,4,5,0
370,Powai,Kurla,6.5,Cab_Petrol,Rainy,0,1,14.0,1161.6,65.5,129.8,4,5,0
371,Powai,Kurla,6.5,Car_Petrol,Peak-Rain,1,1,14.2,895.7,47.2,173.4,5,5,0
372,Powai,Kurla,6.5,Car_EV,Peak-Rain,1,1,17.9,968.8,7.7,165.6,5,4,0
373,Powai,Kurla,6.5,Bus_BEST,Peak-Rain,1,1,36.7,112.7,9.1,149.6,2,4,0
374,Powai,Kurla,6.5,Local_Train,Peak-Rain,1,1,16.2,36.5,7.2,178.2,1,5,1
375,Powai,Kurla,6.5,Auto,Peak-Rain,1,1,27.8,494.8,19.4,186.8,3,5,0
376,Powai,Kurla,6.5,Cab_Petrol,Peak-Rain,1,1,15.3,931.2,64.6,136.5,5,5,0
377,Worli,Nariman Point,8.0,Car_Petrol,Free,0,0,13.4,1234.2,51.5,102.5,4,5,0
378,Worli,Nariman Point,8.0,Car_EV,Free,0,0,10.2,1069.1,11.7,100.2,5,4,0
379,Worli,Nariman Point,8.0,Bus_BEST,Free,0,0,13.9,128.2,10.5,98.1,2,4,0
380,Worli,Nariman Point,8.0,Local_Train,Free,0,0,11.9,47.9,7.5,121.1,1,5,1
381,Worli,Nariman Point,8.0,Auto,Free,0,0,17.3,777.1,32.2,109.4,3,5,0
382,Worli,Nariman Point,8.0,Cab_Petrol,Free,0,0,12.6,1388.5,87.8,109.2,5,5,0
383,Worli,Nariman Point,8.0,Car_Petrol,Peak,1,0,14.7,1235.7,54.4,86.7,4,5,0
384,Worli,Nariman Point,8.0,Car_EV,Peak,1,0,20.3,1019.9,10.2,119.0,5,4,0
385,Worli,Nariman Point,8.0,Bus_BEST,Peak,1,0,21.8,137.6,9.2,94.5,1,4,0
386,Worli,Nariman Point,8.0,Local_Train,Peak,1,0,20.6,50.9,8.0,110.9,1,5,1
387,Worli,Nariman Point,8.0,Auto,Peak,1,0,19.5,574.5,30.4,116.8,4,5,0
388,Worli,Nariman Point,8.0,Cab_Petrol,Peak,1,0,15.7,1153.5,92.1,132.8,5,5,0
389,Worli,Nariman Point,8.0,Car_Petrol,Rainy,0,1,15.7,986.4,58.4,95.8,4,5,0
390,Worli,Nariman Point,8.0,Car_EV,Rainy,0,1,12.9,1056.6,10.0,70.5,5,4,0
391,Worli,Nariman Point,8.0,Bus_BEST,Rainy,0,1,26.2,144.8,9.1,113.2,2,4,0
392,Worli,Nariman Point,8.0,Local_Train,Rainy,0,1,14.8,45.7,8.3,133.9,2,5,1
393,Worli,Nariman Point,8.0,Auto,Rainy,0,1,19.7,740.7,24.0,129.3,3,5,0
394,Worli,Nariman Point,8.0,Cab_Petrol,Rainy,0,1,18.2,1038.9,82.1,116.5,5,5,0
395,Worli,Nariman Point,8.0,Car_Petrol,Peak-Rain,1,1,16.7,1010.6,51.4,,3,5,0
396,Worli,Nariman Point,8.0,Car_EV,Peak-Rain,1,1,23.9,1038.8,10.0,121.4,4,4,0
397,Worli,Nariman Point,8.0,Bus_BEST,Peak-Rain,1,1,50.6,150.2,8.7,98.2,1,4,0
398,Worli,Nariman Point,8.0,Local_Train,Peak-Rain,1,1,16.6,56.1,8.5,116.4,2,5,1
399,Worli,Nariman Point,8.0,Auto,Peak-Rain,1,1,26.0,610.6,26.8,120.5,3,5,0
400,Worli,Nariman Point,8.0,Cab_Petrol,Peak-Rain,1,1,24.1,1311.7,72.5,129.6,5,5,0
401,Jogeshwari,Andheri,6.0,Car_Petrol,Free,0,0,8.6,884.6,30.0,202.5,4,5,0
402,Jogeshwari,Andheri,6.0,Car_EV,Free,0,0,9.7,748.8,7.8,157.4,5,4,0
403,Jogeshwari,Andheri,6.0,Bus_BEST,Free,0,0,14.4,111.0,10.3,141.3,1,4,0
404,Jogeshwari,Andheri,6.0,Local_Train,Free,0,0,11.6,38.3,8.4,149.6,1,5,1
405,Jogeshwari,Andheri,6.0,Auto,Free,0,0,12.5,404.3,20.2,119.3,4,5,0
406,Jogeshwari,Andheri,6.0,Cab_Petrol,Free,0,0,11.1,1019.1,57.1,139.4,4,5,0
407,Jogeshwari,Andheri,6.0,Car_Petrol,Peak,1,0,14.2,1010.6,40.5,145.7,4,5,0
408,Jogeshwari,Andheri,6.0,Car_EV,Peak,1,0,14.4,714.3,7.2,140.9,5,4,0
409,Jogeshwari,Andheri,6.0,Bus_BEST,Peak,1,0,22.5,106.0,9.2,153.5,1,4,0
410,Jogeshwari,Andheri,6.0,Local_Train,Peak,1,0,17.3,37.8,7.9,135.3,1,5,1
411,Jogeshwari,Andheri,6.0,Auto,Peak,1,0,17.6,492.5,23.1,172.7,3,5,0
412,Jogeshwari,Andheri,6.0,Cab_Petrol,Peak,1,0,14.6,839.1,59.5,153.2,4,5,0
413,Jogeshwari,Andheri,6.0,Car_Petrol,Rainy,0,1,10.7,828.4,38.4,152.5,4,5,0
414,Jogeshwari,Andheri,6.0,Car_EV,Rainy,0,1,12.4,760.1,7.3,144.5,5,4,0
415,Jogeshwari,Andheri,6.0,Bus_BEST,Rainy,0,1,30.1,114.0,8.4,153.4,2,4,0
416,Jogeshwari,Andheri,6.0,Local_Train,Rainy,0,1,12.3,38.0,7.3,,2,5,1
417,Jogeshwari,Andheri,6.0,Auto,Rainy,0,1,15.6,462.2,21.6,136.1,3,5,0
418,Jogeshwari,Andheri,6.0,Cab_Petrol,Rainy,0,1,14.5,956.5,64.4,140.6,4,5,0
419,Jogeshwari,Andheri,6.0,Car_Petrol,Peak-Rain,1,1,14.9,635.0,36.5,148.2,5,5,0
420,Jogeshwari,Andheri,6.0,Car_EV,Peak-Rain,1,1,9.6,849.5,8.7,126.2,5,4,0
421,Jogeshwari,Andheri,6.0,Bus_BEST,Peak-Rain,1,1,23.6,84.3,8.8,136.1,1,4,0
422,Jogeshwari,Andheri,6.0,Local_Train,Peak-Rain,1,1,15.3,34.7,7.4,141.5,2,5,1
423,Jogeshwari,Andheri,6.0,Auto,Peak-Rain,1,1,21.5,426.3,19.7,168.7,3,5,0
424,Jogeshwari,Andheri,6.0,Cab_Petrol,Peak-Rain,1,1,,773.0,48.4,158.6,5,5,0
425,Dombivli,CST,55.0,Car_Petrol,Free,0,0,110.2,9084.9,382.8,147.5,4,5,0
426,Dombivli,CST,55.0,Car_EV,Free,0,0,87.9,6658.3,75.7,140.8,5,4,0
427,Dombivli,CST,55.0,Bus_BEST,Free,0,0,143.4,967.4,24.4,127.3,1,4,0
428,Dombivli,CST,55.0,Local_Train,Free,0,0,69.3,328.5,20.1,131.4,1,5,1
429,Dombivli,CST,55.0,Auto,Free,0,0,65.8,4609.9,200.4,137.1,3,5,0
430,Dombivli,CST,55.0,Cab_Petrol,Free,0,0,86.4,8202.5,481.2,148.8,5,5,0
431,Dombivli,CST,55.0,Car_Petrol,Peak,1,0,142.9,7095.6,342.4,143.1,4,5,0
432,Dombivli,CST,55.0,Car_EV,Peak,1,0,87.2,7680.9,76.0,91.3,4,4,0
433,Dombivli,CST,55.0,Bus_BEST,Peak,1,0,276.5,888.8,22.5,129.5,1,4,0
434,Dombivli,CST,55.0,Local_Train,Peak,1,0,85.6,278.6,20.5,147.3,1,5,1
435,Dombivli,CST,55.0,Auto,Peak,1,0,162.1,4211.6,171.6,,4,5,0
436,Dombivli,CST,55.0,Cab_Petrol,Peak,1,0,139.5,9361.6,570.5,171.7,5,5,0
437,Dombivli,CST,55.0,Car_Petrol,Rainy,0,1,155.9,8832.1,356.5,,3,5,0
438,Dombivli,CST,55.0,Car_EV,Rainy,0,1,111.1,6741.5,62.3,130.0,5,4,0
439,Dombivli,CST,55.0,Bus_BEST,Rainy,0,1,204.7,902.3,27.3,133.8,2,4,0
440,Dombivli,CST,55.0,Local_Train,Rainy,0,1,62.6,319.4,18.8,116.4,2,5,1
441,Dombivli,CST,55.0,Auto,Rainy,0,1,127.2,5313.8,180.0,137.5,3,5,0
442,Dombivli,CST,55.0,Cab_Petrol,Rainy,0,1,125.0,8450.9,558.8,161.1,4,5,0
443,Dombivli,CST,55.0,Car_Petrol,Peak-Rain,1,1,123.1,8490.1,390.4,182.8,3,5,0
444,Dombivli,CST,55.0,Car_EV,Peak-Rain,1,1,150.6,7704.7,65.7,127.7,5,4,0
445,Dombivli,CST,55.0,Bus_BEST,Peak-Rain,1,1,244.2,957.3,25.1,125.7,1,4,0
446,Dombivli,CST,55.0,Local_Train,Peak-Rain,1,1,86.5,321.5,20.7,126.0,1,5,1
447,Dombivli,CST,55.0,Auto,Peak-Rain,1,1,226.3,4313.6,203.2,160.6,3,5,0
448,Dombivli,CST,55.0,Cab_Petrol,Peak-Rain,1,1,179.3,8081.7,557.8,,5,5,0
449,Virar,Churchgate,72.0,Car_Petrol,Free,0,0,97.0,10616.3,454.3,105.2,4,5,0
450,Virar,Churchgate,72.0,Car_EV,Free,0,0,102.2,9809.3,87.4,115.4,5,4,0
451,Virar,Churchgate,72.0,Bus_BEST,Free,0,0,158.0,1230.4,25.2,107.4,1,4,0
452,Virar,Churchgate,72.0,Local_Train,Free,0,0,80.5,463.7,18.3,113.3,2,5,1
453,Virar,Churchgate,72.0,Auto,Free,0,0,165.9,5713.5,193.1,135.6,3,5,0
454,Virar,Churchgate,72.0,Cab_Petrol,Free,0,0,124.4,10739.8,745.1,137.3,5,5,0
455,Virar,Churchgate,72.0,Car_Petrol,Peak,1,0,132.1,8526.7,,185.3,4,5,0
456,Virar,Churchgate,72.0,Car_EV,Peak,1,0,190.2,9981.9,75.9,130.3,5,4,0
457,Virar,Churchgate,72.0,Bus_BEST,Peak,1,0,374.3,1266.4,23.0,133.2,1,4,0
458,Virar,Churchgate,72.0,Local_Train,Peak,1,0,109.5,475.1,21.0,130.1,1,5,1
459,Virar,Churchgate,72.0,Auto,Peak,1,0,318.3,4091.8,293.5,126.9,4,5,0
460,Virar,Churchgate,72.0,Cab_Petrol,Peak,1,0,136.9,12881.4,721.2,177.5,5,5,0
461,Virar,Churchgate,72.0,Car_Petrol,Rainy,0,1,105.5,10507.3,440.7,151.4,4,5,0
462,Virar,Churchgate,72.0,Car_EV,Rainy,0,1,90.5,10157.3,92.2,134.7,4,4,0
463,Virar,Churchgate,72.0,Bus_BEST,Rainy,0,1,331.7,1096.7,27.7,111.1,2,4,0
464,Virar,Churchgate,72.0,Local_Train,Rainy,0,1,87.9,458.5,19.0,98.4,2,5,1
465,Virar,Churchgate,72.0,Auto,Rainy,0,1,198.4,5153.2,235.9,157.5,3,5,0
466,Virar,Churchgate,72.0,Cab_Petrol,Rainy,0,1,474.0,9991.3,692.2,159.7,5,5,0
467,Virar,Churchgate,72.0,Car_Petrol,Peak-Rain,1,1,150.6,12695.6,432.3,147.5,4,5,0
468,Virar,Churchgate,72.0,Car_EV,Peak-Rain,1,1,289.5,8969.6,94.5,113.3,5,4,0
469,Virar,Churchgate,72.0,Bus_BEST,Peak-Rain,1,1,362.6,1250.6,28.2,148.0,2,4,0
470,Virar,Churchgate,72.0,Local_Train,Peak-Rain,1,1,106.9,469.6,20.5,104.0,1,5,1
471,Virar,Churchgate,72.0,Auto,Peak-Rain,1,1,318.0,6045.5,246.9,182.4,3,5,0
472,Virar,Churchgate,72.0,Cab_Petrol,Peak-Rain,1,1,213.1,10816.3,703.2,147.5,5,5,0
473,Navi Mumbai,BKC,22.0,Car_Petrol,Free,0,0,34.5,3374.8,125.1,146.1,4,5,0
474,Navi Mumbai,BKC,22.0,Car_EV,Free,0,0,27.8,3465.5,30.6,124.0,4,4,0
475,Navi Mumbai,BKC,22.0,Bus_BEST,Free,0,0,65.7,371.8,16.9,139.2,1,4,0
476,Navi Mumbai,BKC,22.0,Local_Train,Free,0,0,33.4,134.7,13.6,119.8,1,5,1
477,Navi Mumbai,BKC,22.0,Auto,Free,0,0,59.8,1944.9,96.7,130.9,3,5,0
478,Navi Mumbai,BKC,22.0,Cab_Petrol,Free,0,0,43.5,3616.0,225.3,136.4,5,5,0
479,Navi Mumbai,BKC,22.0,Car_Petrol,Peak,1,0,44.4,3642.5,134.4,122.8,4,5,0
480,Navi Mumbai,BKC,22.0,Car_EV,Peak,1,0,39.7,2972.5,27.6,141.2,5,4,0
481,Navi Mumbai,BKC,22.0,Bus_BEST,Peak,1,0,87.7,331.3,18.6,122.6,1,4,0
482,Navi Mumbai,BKC,22.0,Local_Train,Peak,1,0,39.5,153.6,13.9,124.8,2,5,1
483,Navi Mumbai,BKC,22.0,Auto,Peak,1,0,86.2,1558.2,68.1,119.9,3,5,0
484,Navi Mumbai,BKC,22.0,Cab_Petrol,Peak,1,0,32.7,3354.5,236.2,96.7,4,5,0
485,Navi Mumbai,BKC,22.0,Car_Petrol,Rainy,0,1,56.0,3010.4,135.4,134.8,4,5,0
486,Navi Mumbai,BKC,22.0,Car_EV,Rainy,0,1,41.5,2776.1,32.9,166.9,5,4,0
487,Navi Mumbai,BKC,22.0,Bus_BEST,Rainy,0,1,71.3,386.3,18.5,142.6,1,4,0
488,Navi Mumbai,BKC,22.0,Local_Train,Rainy,0,1,26.7,136.2,13.3,128.0,2,5,1
489,Navi Mumbai,BKC,22.0,Auto,Rainy,0,1,41.0,1834.3,84.9,,4,5,0
490,Navi Mumbai,BKC,22.0,Cab_Petrol,Rainy,0,1,50.0,3781.4,221.2,138.4,5,5,0
491,Navi Mumbai,BKC,22.0,Car_Petrol,Peak-Rain,1,1,60.3,3403.7,152.8,151.2,4,5,0
492,Navi Mumbai,BKC,22.0,Car_EV,Peak-Rain,1,1,44.1,2725.8,29.7,111.6,5,4,0
493,Navi Mumbai,BKC,22.0,Bus_BEST,Peak-Rain,1,1,80.0,410.1,15.8,148.7,1,4,0
494,Navi Mumbai,BKC,22.0,Local_Train,Peak-Rain,1,1,38.2,147.7,13.1,139.4,1,5,1
495,Navi Mumbai,BKC,22.0,Auto,Peak-Rain,1,1,113.2,1543.9,83.3,149.8,3,5,0
496,Navi Mumbai,BKC,22.0,Cab_Petrol,Peak-Rain,1,1,56.3,3450.5,214.1,149.4,4,5,0
